{
  "_fv": 4,
  "_type": "recipe",
  "definition": {
    "recipeType": "Crafting",
    "recipeRetstackSize": 1,
    "recipeShapeless": false,
    "recipeReturnStack": {
      "value": "CUSTOM:FlintAxe"
    },
    "recipeSlots": [
      {
        "value": "CUSTOM:GrassString"
      },
      {
        "value": "CUSTOM:FlintShard"
      },
      {
        "value": ""
      },
      {
        "value": "Items.STICK"
      },
      {
        "value": ""
      },
      {
        "value": ""
      },
      {
        "value": ""
      },
      {
        "value": ""
      },
      {
        "value": ""
      }
    ],
    "smeltingXPReward": 0.0,
    "smeltingRetstackSize": 1
  }
}