{
  "_fv": 4,
  "_type": "tool",
  "definition": {
    "renderType": 0,
    "texture": "flint_knife",
    "customModelName": "Normal",
    "name": "Flint Knife",
    "creativeTab": {
      "value": "TOOLS"
    },
    "toolType": "Special",
    "harvestLevel": 0,
    "efficiency": 1.0,
    "attackSpeed": 2.8,
    "enchantability": 0,
    "damageVsEntity": 1.5,
    "usageCount": 16,
    "blocksAffected": [
      {
        "value": "Blocks.TALLGRASS#1"
      },
      {
        "value": "Blocks.TALLGRASS#2"
      },
      {
        "value": "Blocks.DOUBLE_PLANT#2"
      },
      {
        "value": "Blocks.SEAGRASS"
      },
      {
        "value": "Blocks.TALL_SEAGRASS"
      }
    ],
    "hasGlow": false
  }
}