{
  "_fv": 4,
  "_type": "item",
  "definition": {
    "renderType": 0,
    "texture": "grass_fiber",
    "customModelName": "Normal",
    "name": "Grass Fiber",
    "creativeTab": {
      "value": "MATERIALS"
    },
    "stackSize": 64,
    "enchantability": 0,
    "useDuration": 0,
    "toolType": 1.0,
    "damageCount": 0,
    "destroyAnyBlock": false,
    "stayInGridWhenCrafting": false,
    "enableMeleeDamage": false,
    "damageVsEntity": 1.0,
    "specialInfo": [],
    "hasGlow": false
  }
}