{
  "_fv": 4,
  "_type": "gui",
  "definition": {
    "type": 1,
    "width": 365,
    "height": 332,
    "renderBgLayer": true,
    "containerBlock": "<none>",
    "components": [
      {
        "type": "label",
        "data": {
          "text": "Smithing Table",
          "color": {
            "value": -1,
            "falpha": 0.0
          },
          "name": "Smithing Table",
          "x": 354,
          "y": 96
        }
      },
      {
        "type": "button",
        "data": {
          "text": "Make",
          "onClick": {
            "name": "RockTostone"
          },
          "width": 80,
          "height": 40,
          "name": "Make",
          "x": 390,
          "y": 186
        }
      },
      {
        "type": "inputslot",
        "data": {
          "inputLimit": {
            "value": "CUSTOM:Stone"
          },
          "inventory": "Rock",
          "id": 0,
          "name": "Slot #0",
          "x": 408,
          "y": 132
        }
      }
    ],
    "inventories": [
      {
        "slotAmount": 1,
        "name": "Rock",
        "dropOnClose": false
      }
    ]
  }
}